{
  "performance_metrics": {
    "timestamp": "2026-01-31T13:32:55.769953",
    "basic_metrics": {
      "accuracy": 0.3333333333333333,
      "balanced_accuracy": 0.3333333333333333,
      "precision": {
        "macro": 0.9047619047619047,
        "micro": 0.3333333333333333,
        "weighted": 0.9047619047619048
      },
      "recall": {
        "macro": 0.3333333333333333,
        "micro": 0.3333333333333333,
        "weighted": 0.3333333333333333
      },
      "f1_score": {
        "macro": 0.3541892317112437,
        "micro": 0.3333333333333333,
        "weighted": 0.3541892317112438
      }
    },
    "advanced_metrics": {
      "cohen_kappa": 0.25,
      "matthews_correlation": 0.3795745526004832,
      "roc_auc": {
        "macro": null,
        "weighted": null
      }
    },
    "class_metrics": {
      "cyberbullying": {
        "precision": 1.0,
        "recall": 0.3,
        "f1_score": 0.46153846153846156,
        "support": 30
      },
      "financial_fraud": {
        "precision": 1.0,
        "recall": 0.16666666666666666,
        "f1_score": 0.2857142857142857,
        "support": 30
      },
      "identity_theft": {
        "precision": 1.0,
        "recall": 0.03333333333333333,
        "f1_score": 0.06451612903225806,
        "support": 30
      },
      "illegal_drugs": {
        "precision": 1.0,
        "recall": 0.43333333333333335,
        "f1_score": 0.6046511627906976,
        "support": 30
      },
      "phishing": {
        "precision": 1.0,
        "recall": 0.26666666666666666,
        "f1_score": 0.42105263157894735,
        "support": 30
      },
      "romance_scam": {
        "precision": 1.0,
        "recall": 0.6,
        "f1_score": 0.75,
        "support": 30
      },
      "safe": {
        "precision": 0.14285714285714285,
        "recall": 1.0,
        "f1_score": 0.25,
        "support": 30
      },
      "threats_violence": {
        "precision": 1.0,
        "recall": 0.03333333333333333,
        "f1_score": 0.06451612903225806,
        "support": 30
      },
      "weapons_trafficking": {
        "precision": 1.0,
        "recall": 0.16666666666666666,
        "f1_score": 0.2857142857142857,
        "support": 30
      }
    },
    "confusion_matrix": {
      "matrix": [
        [
          9,
          0,
          0,
          0,
          0,
          0,
          21,
          0,
          0
        ],
        [
          0,
          5,
          0,
          0,
          0,
          0,
          25,
          0,
          0
        ],
        [
          0,
          0,
          1,
          0,
          0,
          0,
          29,
          0,
          0
        ],
        [
          0,
          0,
          0,
          13,
          0,
          0,
          17,
          0,
          0
        ],
        [
          0,
          0,
          0,
          0,
          8,
          0,
          22,
          0,
          0
        ],
        [
          0,
          0,
          0,
          0,
          0,
          18,
          12,
          0,
          0
        ],
        [
          0,
          0,
          0,
          0,
          0,
          0,
          30,
          0,
          0
        ],
        [
          0,
          0,
          0,
          0,
          0,
          0,
          29,
          1,
          0
        ],
        [
          0,
          0,
          0,
          0,
          0,
          0,
          25,
          0,
          5
        ]
      ],
      "labels": [
        "cyberbullying",
        "financial_fraud",
        "identity_theft",
        "illegal_drugs",
        "phishing",
        "romance_scam",
        "safe",
        "threats_violence",
        "weapons_trafficking"
      ],
      "normalized": [
        [
          0.3,
          0.0,
          0.0,
          0.0,
          0.0,
          0.0,
          0.7,
          0.0,
          0.0
        ],
        [
          0.0,
          0.16666666666666666,
          0.0,
          0.0,
          0.0,
          0.0,
          0.8333333333333334,
          0.0,
          0.0
        ],
        [
          0.0,
          0.0,
          0.03333333333333333,
          0.0,
          0.0,
          0.0,
          0.9666666666666667,
          0.0,
          0.0
        ],
        [
          0.0,
          0.0,
          0.0,
          0.43333333333333335,
          0.0,
          0.0,
          0.5666666666666667,
          0.0,
          0.0
        ],
        [
          0.0,
          0.0,
          0.0,
          0.0,
          0.26666666666666666,
          0.0,
          0.7333333333333333,
          0.0,
          0.0
        ],
        [
          0.0,
          0.0,
          0.0,
          0.0,
          0.0,
          0.6,
          0.4,
          0.0,
          0.0
        ],
        [
          0.0,
          0.0,
          0.0,
          0.0,
          0.0,
          0.0,
          1.0,
          0.0,
          0.0
        ],
        [
          0.0,
          0.0,
          0.0,
          0.0,
          0.0,
          0.0,
          0.9666666666666667,
          0.03333333333333333,
          0.0
        ],
        [
          0.0,
          0.0,
          0.0,
          0.0,
          0.0,
          0.0,
          0.8333333333333334,
          0.0,
          0.16666666666666666
        ]
      ]
    },
    "dataset_info": {
      "test_samples": 270,
      "train_samples": 1080,
      "classes": 9,
      "class_names": [
        "cyberbullying",
        "financial_fraud",
        "identity_theft",
        "illegal_drugs",
        "phishing",
        "romance_scam",
        "safe",
        "threats_violence",
        "weapons_trafficking"
      ],
      "class_distribution": {
        "romance_scam": 0.1111111111111111,
        "identity_theft": 0.1111111111111111,
        "financial_fraud": 0.1111111111111111,
        "weapons_trafficking": 0.1111111111111111,
        "safe": 0.1111111111111111,
        "threats_violence": 0.1111111111111111,
        "illegal_drugs": 0.1111111111111111,
        "phishing": 0.1111111111111111,
        "cyberbullying": 0.1111111111111111
      }
    },
    "cross_validation": {
      "accuracy": {
        "mean": 0.913888888888889,
        "std": 0.01819155805961898,
        "scores": [
          0.8935185185185185,
          0.9074074074074074,
          0.9305555555555556,
          0.8981481481481481,
          0.9398148148148148
        ],
        "confidence_interval": [
          0.877505772769651,
          0.9502720050081269
        ]
      },
      "precision": {
        "mean": 0.9502356066185854,
        "std": 0.008247662095875576,
        "scores": [
          0.9456264775413712,
          0.9494949494949494,
          0.9572649572649572,
          0.9378306878306878,
          0.9609609609609611
        ],
        "confidence_interval": [
          0.9337402824268343,
          0.9667309308103366
        ]
      },
      "recall": {
        "mean": 0.913888888888889,
        "std": 0.01819155805961902,
        "scores": [
          0.8935185185185185,
          0.9074074074074076,
          0.9305555555555556,
          0.898148148148148,
          0.9398148148148149
        ],
        "confidence_interval": [
          0.8775057727696509,
          0.950272005008127
        ]
      },
      "f1": {
        "mean": 0.9202251825235134,
        "std": 0.016474588695009187,
        "scores": [
          0.9003059461950106,
          0.9157701147320716,
          0.935332622289144,
          0.9065656565656565,
          0.9431515728356844
        ],
        "confidence_interval": [
          0.887276005133495,
          0.9531743599135317
        ]
      }
    },
    "model_info": {
      "model_type": "RandomForestClassifier",
      "features_count": 1234,
      "has_feature_importance": true
    }
  },
  "performance_summary": {
    "overall_performance": "Needs Improvement (D)",
    "key_strengths": [],